PLAYER_ID,PLAYER_NAME,NICKNAME,TEAM_ID,TEAM_ABBREVIATION,AGE,GP,W,L,W_PCT,MIN,FGM,FGA,FG_PCT,FG3M,FG3A,FG3_PCT,FTM,FTA,FT_PCT,OREB,DREB,REB,AST,TOV,STL,BLK,BLKA,PF,PFD,PTS,PLUS_MINUS,NBA_FANTASY_PTS,DD2,TD3,WNBA_FANTASY_PTS,GP_RANK,W_RANK,L_RANK,W_PCT_RANK,MIN_RANK,FGM_RANK,FGA_RANK,FG_PCT_RANK,FG3M_RANK,FG3A_RANK,FG3_PCT_RANK,FTM_RANK,FTA_RANK,FT_PCT_RANK,OREB_RANK,DREB_RANK,REB_RANK,AST_RANK,TOV_RANK,STL_RANK,BLK_RANK,BLKA_RANK,PF_RANK,PFD_RANK,PTS_RANK,PLUS_MINUS_RANK,NBA_FANTASY_PTS_RANK,DD2_RANK,TD3_RANK,WNBA_FANTASY_PTS_RANK,3PT_RATING
201939,Stephen Curry,Stephen,1610612744,GSW,36.0,74,43,31,0.581,2421.5383333333334,650,1445,0.45,357,876,0.408,299,324,0.923,37,293,330,379,210,54,28,51,117,269,1956,189,2956.5,7,0,3186.0,87,79,406,205,38,14,7,293,1,1,73,24,32,35,241,75,102,33,13,126,160,499,400,36,10,66,23,84,38,14,411.13599999999997
1629029,Luka Dončić,Luka,1610612742,DAL,25.0,70,46,24,0.657,2624.04,804,1652,0.487,284,744,0.382,478,608,0.786,59,588,647,686,282,99,38,50,149,477,2370,319,4304.4,49,21,4261.0,128,52,282,92,19,3,1,178,2,2,149,4,4,245,159,9,18,3,1,15,108,497,475,4,1,32,2,6,3,1,342.79400000000004
1628978,Donte DiVincenzo,Donte,1610612752,NYK,27.0,81,50,31,0.617,2360.3933333333334,445,1004,0.443,283,705,0.401,86,114,0.754,63,234,297,216,113,107,36,32,166,123,1259,162,2255.4,0,0,2341.0,18,28,406,147,48,63,52,316,3,3,84,165,160,300,138,118,120,104,87,9,122,416,504,127,61,78,70,257,38,53,329.467
202691,Klay Thompson,Klay,1610612744,GSW,34.0,77,41,36,0.532,2284.1683333333335,490,1133,0.432,268,692,0.387,127,137,0.927,35,219,254,176,117,50,35,27,127,91,1375,7,2081.8,0,0,2243.0,54,97,469,284,56,49,34,364,4,4,128,110,132,34,256,135,163,129,82,148,128,382,424,181,40,222,84,257,38,62,320.12899999999996
202331,Paul George,Paul,1610612746,LAC,34.0,74,48,26,0.649,2501.766666666667,582,1236,0.471,243,588,0.413,264,291,0.907,37,351,388,262,153,113,37,55,202,234,1671,461,2826.6,3,0,2864.0,87,36,332,100,31,25,24,220,5,11,60,33,46,46,241,48,74,81,48,4,117,513,548,48,20,9,30,135,38,23,277.1376666666667
203992,Bogdan Bogdanović,Bogdan,1610612737,ATL,31.0,79,35,44,0.443,2401.4083333333333,471,1100,0.428,240,641,0.374,151,164,0.921,53,219,272,247,112,96,26,51,179,127,1333,127,2283.9,1,0,2336.0,30,155,528,364,43,56,36,384,6,5,177,89,108,36,176,135,145,90,88,17,173,499,525,122,50,95,65,190,38,54,293.79133333333334
203468,CJ McCollum,CJ,1610612740,NOP,32.0,66,42,24,0.636,2158.536666666667,484,1055,0.459,239,557,0.429,115,139,0.827,39,247,286,305,110,62,41,41,126,113,1322,195,2321.7,2,0,2358.0,170,88,282,108,73,51,45,263,7,17,33,121,131,154,234,101,127,60,94,100,98,459,421,144,54,65,60,157,38,51,265.47633333333334
1628369,Jayson Tatum,Jayson,1610612738,BOS,26.0,74,57,17,0.77,2645.213333333333,672,1426,0.471,229,609,0.376,414,497,0.833,67,534,601,364,188,75,43,61,145,340,1987,608,3420.2,25,0,3417.0,87,4,199,29,16,12,9,217,8,7,163,9,9,147,127,14,24,38,21,47,88,526,465,19,8,4,10,22,38,7,279.45866666666666
1627832,Fred VanVleet,Fred,1610612745,HOU,30.0,73,38,35,0.521,2684.4266666666667,423,1018,0.416,227,586,0.387,197,229,0.86,33,245,278,589,126,101,59,32,183,201,1270,183,2841.1,20,0,2684.0,99,124,461,295,13,70,48,415,9,12,127,57,62,92,264,106,138,6,68,12,48,416,528,61,60,69,28,31,38,30,271.12899999999996
1626156,D'Angelo Russell,D'Angelo,1610612747,LAL,28.0,76,46,30,0.605,2484.1283333333336,492,1080,0.456,226,545,0.415,159,192,0.828,28,208,236,482,156,69,36,35,156,170,1369,184,2534.2,10,0,2523.0,61,52,395,161,33,48,41,270,10,21,55,85,89,153,292,150,184,14,46,70,122,434,490,80,42,67,45,59,38,39,257.1383333333333
1627736,Malik Beasley,Malik,1610612749,MIL,27.0,79,46,33,0.582,2337.3716666666664,320,722,0.443,224,542,0.413,25,35,0.714,41,249,290,108,54,59,9,27,158,40,889,291,1549.0,1,0,1647.0,30,52,437,203,52,127,111,317,11,22,59,332,331,369,224,100,123,208,225,108,319,382,494,305,115,38,156,190,38,127,255.471
203081,Damian Lillard,Damian,1610612749,MIL,33.0,73,48,25,0.658,2578.4283333333333,541,1277,0.424,220,622,0.354,473,514,0.92,36,284,320,508,193,72,18,85,134,357,1775,389,2998.0,12,0,3003.0,99,36,311,91,25,31,20,392,12,6,249,5,7,38,249,78,106,10,16,58,228,560,437,15,17,23,21,54,38,17,280.7846666666667
1629008,Michael Porter Jr.,Michael,1610612743,DEN,26.0,81,57,24,0.704,2564.605,522,1079,0.484,220,554,0.397,92,110,0.836,106,459,565,122,92,42,53,39,148,98,1356,472,2410.0,14,0,2453.0,18,4,282,51,27,39,42,186,12,19,100,156,166,130,64,21,27,179,128,194,55,446,473,163,45,8,53,47,38,45,258.13233333333335
1628969,Mikal Bridges,Mikal,1610612751,BKN,27.0,82,32,50,0.39,2854.24,564,1294,0.436,220,592,0.372,258,317,0.814,68,304,372,299,164,81,30,54,116,252,1606,-185,2669.9,3,0,2719.0,2,183,544,397,4,26,18,349,12,10,187,35,35,188,126,67,83,62,36,29,148,510,399,39,24,514,34,135,38,27,270.79066666666665
1627741,Buddy Hield,Buddy,1610612755,PHI,31.0,84,46,38,0.548,2159.8883333333333,371,850,0.436,219,568,0.386,52,59,0.881,61,208,269,236,103,70,42,33,169,40,1013,64,1922.8,1,0,1961.0,1,52,488,266,72,95,77,346,15,15,135,232,253,65,146,150,148,94,104,66,90,421,510,305,93,135,105,190,38,90,262.462
1628368,De'Aaron Fox,De'Aaron,1610612758,SAC,26.0,74,42,32,0.568,2658.7633333333333,720,1549,0.465,214,580,0.369,312,423,0.738,67,273,340,418,194,150,31,68,193,333,1966,233,3350.0,6,0,3300.0,87,88,425,232,14,7,4,234,16,13,200,21,16,341,127,87,96,25,15,1,145,541,540,21,9,52,13,93,38,13,264.7896666666667
1630178,Tyrese Maxey,Tyrese,1610612755,PHI,23.0,70,43,27,0.614,2625.806666666667,638,1419,0.45,212,569,0.373,328,378,0.868,36,222,258,433,116,69,33,90,151,288,1816,303,2965.1,9,0,2923.0,128,79,344,152,18,18,10,295,17,14,185,19,25,81,249,134,157,22,84,70,137,565,480,30,15,36,22,64,38,20,260.4576666666667
203501,Tim Hardaway Jr.,Tim,1610612742,DAL,32.0,79,49,30,0.62,2120.3283333333334,392,976,0.402,211,597,0.353,144,169,0.852,22,232,254,139,69,42,6,33,106,158,1139,13,1727.3,0,0,1839.0,30,29,395,138,78,83,57,441,18,9,251,95,105,113,323,121,163,158,175,194,370,421,372,95,74,202,123,257,38,105,269.45099999999996
1628973,Jalen Brunson,Jalen,1610612752,NYK,27.0,77,49,28,0.636,2726.3033333333333,790,1648,0.479,211,526,0.401,421,497,0.847,43,235,278,519,186,70,13,64,144,480,2212,512,3387.1,9,0,3386.0,54,29,361,108,10,5,2,199,18,25,86,7,9,120,214,115,138,9,24,66,277,531,463,2,4,6,11,64,38,9,245.80033333333333
1629632,Coby White,Coby,1610612741,CHI,24.0,79,37,42,0.468,2881.3566666666666,541,1209,0.447,209,556,0.376,218,260,0.838,44,314,358,405,166,53,18,66,186,293,1509,-35,2593.1,5,0,2623.0,30,139,515,346,3,31,27,300,20,18,164,50,57,127,211,62,87,26,32,129,228,537,533,29,29,366,39,104,38,34,255.12533333333332
1628960,Grayson Allen,Grayson,1610612756,PHX,28.0,75,45,30,0.6,2513.3,340,682,0.499,205,445,0.461,129,147,0.878,48,247,295,227,95,69,45,26,157,140,1014,262,1955.5,1,0,1969.0,76,66,395,170,29,113,120,153,21,40,20,106,124,70,195,101,121,100,121,70,79,376,493,106,92,47,100,190,38,88,216.82033333333334
1627749,Dejounte Murray,Dejounte,1610612737,ATL,27.0,78,34,44,0.436,2783.3433333333332,672,1463,0.459,201,554,0.363,208,262,0.794,62,354,416,502,201,111,24,69,138,192,1753,-154,3209.2,20,1,3142.0,43,165,528,368,7,12,6,261,22,19,220,54,55,227,140,46,60,11,14,6,183,543,447,67,18,502,15,31,16,16,251.7876666666667
1630224,Jalen Green,Jalen,1610612745,HOU,22.0,82,41,41,0.5,2601.3816666666667,563,1332,0.423,201,605,0.332,283,352,0.804,41,382,423,291,191,66,28,108,115,279,1610,31,2645.1,7,1,2713.0,2,97,507,300,21,27,15,397,22,8,324,30,28,207,224,38,55,68,19,82,160,569,395,33,22,163,36,84,16,28,268.77733333333333
1630573,Sam Hauser,Sam,1610612738,BOS,26.0,79,62,17,0.785,1740.585,249,558,0.446,197,465,0.424,17,19,0.895,45,231,276,82,32,40,25,11,99,21,712,492,1329.2,0,0,1397.0,30,2,199,21,152,169,162,304,24,35,40,372,388,54,208,123,141,257,300,210,175,239,357,369,160,7,181,257,38,166,220.808
1628401,Derrick White,Derrick,1610612738,BOS,29.0,73,58,15,0.795,2380.985,387,839,0.461,196,495,0.396,137,152,0.901,51,259,310,377,112,74,87,28,152,154,1107,619,2415.5,5,1,2312.0,99,3,168,20,45,87,82,249,25,27,104,102,119,52,188,94,115,35,88,50,16,393,482,97,79,2,52,104,16,57,230.46533333333332
1630169,Tyrese Haliburton,Tyrese,1610612754,IND,24.0,69,40,29,0.58,2223.5383333333334,500,1048,0.477,195,535,0.364,194,227,0.855,35,236,271,752,159,83,48,57,75,164,1389,294,3076.2,44,1,2869.0,138,110,381,209,65,45,46,203,26,23,212,59,63,107,256,113,147,1,43,27,64,520,294,87,38,37,17,8,16,22,243.45466666666667
1630162,Anthony Edwards,Anthony,1610612750,MIN,22.0,79,54,25,0.684,2770.383333333333,718,1558,0.461,190,532,0.357,423,506,0.836,52,378,430,405,241,101,42,56,141,336,2049,432,3360.5,9,0,3360.0,30,18,311,67,8,8,3,252,27,24,238,6,8,131,185,40,51,26,8,12,90,517,452,20,6,11,12,64,38,11,240.78566666666666
1629130,Duncan Robinson,Duncan,1610612748,MIA,30.0,68,38,30,0.559,1905.4483333333333,304,675,0.45,187,473,0.395,80,90,0.889,15,158,173,192,95,46,16,25,163,77,875,38,1461.6,0,0,1551.0,148,124,395,253,121,136,124,290,28,33,106,170,200,57,380,209,254,121,121,168,248,372,501,215,118,156,167,257,38,148,220.13166666666666
201935,James Harden,James,1610612746,LAC,34.0,72,46,26,0.639,2469.6683333333335,352,822,0.428,186,488,0.381,302,344,0.878,34,335,369,614,185,77,57,42,127,238,1192,291,2772.8,23,3,2629.0,108,52,332,107,34,107,86,383,29,30,150,23,30,69,262,52,85,5,25,38,53,467,424,47,66,38,32,25,8,33,224.79366666666667
1630557,Corey Kispert,Corey,1610612764,WAS,25.0,80,15,65,0.188,2067.435,386,794,0.486,184,480,0.383,114,157,0.726,30,195,225,157,98,42,16,48,141,116,1070,-445,1651.5,1,0,1752.0,23,347,572,517,91,89,94,180,30,31,146,123,113,354,280,168,192,145,116,194,248,488,452,139,84,566,131,190,38,113,221.461
1629673,Jordan Poole,Jordan,1610612764,WAS,25.0,78,15,63,0.192,2345.555,490,1186,0.413,184,564,0.326,192,219,0.877,32,180,212,343,188,86,25,75,244,209,1356,-552,2269.9,4,0,2317.0,43,347,570,516,49,49,29,420,30,16,333,60,68,71,269,186,206,45,21,25,175,550,570,57,45,570,68,120,38,56,249.442
1641706,Brandon Miller,Brandon,1610612766,CHA,21.0,74,18,56,0.243,2382.963333333333,476,1083,0.44,184,493,0.373,143,173,0.827,60,255,315,175,132,66,42,45,184,194,1279,-510,2111.5,1,0,2169.0,87,316,563,491,44,53,40,331,30,29,180,96,101,157,153,96,111,131,61,82,90,477,529,64,57,569,82,190,38,68,225.79100000000003
1631099,Keegan Murray,Keegan,1610612758,SAC,23.0,77,43,34,0.558,2588.5666666666666,443,975,0.454,183,511,0.358,103,124,0.831,106,314,420,129,64,79,59,40,205,97,1172,138,2219.5,8,0,2180.0,54,79,446,255,23,64,58,274,33,26,236,137,147,150,64,62,58,170,198,34,48,453,551,167,70,92,76,73,38,67,231.45266666666666
1628378,Donovan Mitchell,Donovan,1610612739,CLE,27.0,55,36,19,0.655,1942.65,503,1089,0.462,182,494,0.368,275,318,0.865,46,234,280,333,154,101,30,54,118,234,1463,325,2537.5,6,0,2520.0,258,146,226,95,114,44,39,246,34,28,201,31,34,89,200,118,135,49,47,12,148,510,405,48,33,30,44,93,38,40,225.45600000000002
201144,Mike Conley,Mike,1610612750,MIN,36.0,76,53,23,0.697,2193.4583333333335,294,644,0.457,179,405,0.442,102,112,0.911,37,181,218,449,102,88,17,15,128,118,869,274,2017.1,5,0,1925.0,61,22,272,55,70,145,130,266,35,55,25,138,162,42,241,183,199,21,106,21,240,281,428,136,120,43,95,104,38,94,194.814
1629018,Gary Trent Jr.,Gary,1610612761,TOR,25.0,71,24,47,0.338,1993.5983333333334,361,847,0.426,178,453,0.393,74,96,0.771,25,163,188,119,47,77,10,31,96,78,974,-194,1592.1,1,0,1633.0,118,257,534,431,106,99,79,388,36,36,114,183,188,270,308,202,235,184,251,38,308,413,350,211,100,519,145,190,38,130,210.46433333333334
1628374,Lauri Markkanen,Lauri,1610612762,UTA,27.0,55,22,33,0.4,1819.7466666666667,427,890,0.48,175,439,0.399,249,277,0.899,122,327,449,110,77,50,26,45,100,243,1278,21,2132.8,19,0,2164.0,258,276,437,385,138,68,70,197,37,43,96,39,49,53,47,56,50,201,158,148,173,477,360,42,58,185,81,34,38,69,204.79966666666667
1629027,Trae Young,Trae,1610612737,ATL,25.0,54,22,32,0.407,1941.7133333333334,433,1008,0.43,175,469,0.373,348,407,0.855,23,126,149,583,235,72,11,54,109,346,1389,-116,2456.3,37,0,2462.0,271,276,425,380,115,67,51,377,37,34,181,16,20,106,318,255,270,8,10,58,298,510,383,17,38,473,49,14,38,44,214.79100000000003
202681,Kyrie Irving,Kyrie,1610612742,DAL,32.0,58,39,19,0.672,2029.6083333333333,562,1131,0.497,173,421,0.411,190,210,0.905,44,246,290,299,106,74,28,39,112,180,1487,277,2483.5,5,0,2453.0,232,117,226,74,99,28,35,157,39,47,66,61,74,49,211,105,123,62,100,50,160,446,390,75,30,42,47,104,38,45,198.13699999999997
1630193,Immanuel Quickley,Immanuel,1610612761,TOR,25.0,68,28,40,0.412,1985.3366666666666,388,894,0.434,171,433,0.395,209,245,0.853,17,242,259,331,101,50,10,45,119,191,1156,-34,2042.3,8,0,2037.0,148,221,501,375,108,85,68,357,40,44,108,53,59,110,366,110,156,53,109,148,308,477,408,70,72,364,87,73,38,84,201.465
1629675,Naz Reid,Naz,1610612750,MIN,24.0,81,56,25,0.691,1963.8283333333334,406,851,0.477,169,408,0.414,109,148,0.736,73,350,423,106,111,63,73,64,172,111,1090,248,2053.6,6,0,2060.0,18,10,311,65,110,72,75,204,41,53,56,128,123,343,110,49,55,213,92,94,27,531,515,145,82,49,85,93,38,82,192.47133333333332
1630530,Trey Murphy III,Trey,1610612740,NOP,24.0,57,35,22,0.614,1690.265,275,621,0.443,169,445,0.38,123,151,0.815,42,238,280,124,34,51,28,16,70,102,842,265,1567.0,1,0,1573.0,241,155,262,154,161,155,139,321,41,40,155,112,120,186,219,112,135,178,292,139,160,292,280,156,131,45,150,190,38,141,204.79333333333332
1629622,Max Strus,Max,1610612739,CLE,28.0,70,43,27,0.614,2239.175,304,728,0.418,168,479,0.351,77,97,0.794,66,272,338,283,112,64,29,42,170,116,853,254,1850.1,5,1,1828.0,128,79,344,152,62,136,110,406,43,32,257,174,186,228,131,89,98,70,88,90,155,467,513,139,129,48,113,104,16,107,215.78366666666668
201142,Kevin Durant,Kevin,1610612756,PHX,35.0,75,44,31,0.587,2790.6366666666668,751,1436,0.523,168,407,0.413,362,423,0.856,41,454,495,378,244,69,91,49,133,361,2032,291,3429.0,14,1,3393.0,76,72,406,195,6,6,8,112,43,54,61,14,16,105,224,24,39,34,7,70,13,495,435,14,7,38,9,47,16,8,191.80433333333335
1626181,Norman Powell,Norman,1610612746,LAC,31.0,76,48,28,0.632,1990.3783333333333,373,768,0.486,167,384,0.435,143,172,0.831,16,179,195,82,66,43,22,37,137,150,1056,212,1542.0,0,0,1630.0,61,36,361,119,107,94,99,181,45,65,28,96,102,149,374,187,225,257,183,183,193,439,442,101,86,61,159,257,38,131,183.81166666666664
1630170,Devin Vassell,Devin,1610612759,SAS,23.0,68,17,51,0.25,2247.7433333333333,498,1056,0.472,166,446,0.372,161,201,0.801,27,234,261,277,108,73,23,34,74,152,1323,-291,2231.7,0,0,2219.0,148,331,548,474,60,47,44,215,46,39,186,83,82,211,302,118,153,74,98,56,188,431,288,99,53,543,73,257,38,63,204.124
1628970,Miles Bridges,Miles,1610612766,CHA,26.0,69,17,52,0.246,2581.116666666667,559,1210,0.462,157,450,0.349,174,211,0.825,71,434,505,231,138,65,33,64,118,171,1449,-633,2557.5,19,0,2538.0,138,331,551,489,24,29,26,244,47,37,265,72,73,163,118,27,38,97,57,87,137,531,405,78,35,572,41,34,38,38,202.44966666666667
1629652,Luguentz Dort,Luguentz,1610612760,OKC,25.0,79,54,25,0.684,2245.971666666667,288,657,0.438,156,396,0.394,128,155,0.826,74,210,284,113,74,71,47,31,228,170,860,347,1650.3,0,0,1649.0,30,18,311,67,61,148,129,341,48,59,111,109,116,160,103,147,130,199,165,62,68,413,563,80,126,27,132,257,38,126,184.13133333333334
1626220,Royce O'Neale,Royce,1610612756,PHX,31.0,79,38,41,0.481,1954.2416666666666,214,539,0.397,156,422,0.37,24,35,0.686,60,317,377,219,73,59,44,16,174,48,608,117,1624.9,4,0,1566.0,30,124,507,334,112,197,167,452,48,46,196,335,331,403,153,60,79,101,168,108,83,292,517,280,181,103,138,120,38,146,192.79
1629014,Anfernee Simons,Anfernee,1610612757,POR,25.0,46,11,35,0.239,1581.7433333333333,360,837,0.43,156,405,0.385,163,178,0.916,22,145,167,255,126,23,5,51,98,127,1039,-330,1579.9,3,0,1673.0,315,392,461,495,177,100,83,375,48,55,136,82,97,41,323,222,256,84,68,301,387,499,353,122,89,550,148,135,38,123,187.12833333333333
1630559,Austin Reaves,Austin,1610612747,LAL,26.0,82,47,35,0.573,2628.95,457,940,0.486,154,420,0.367,232,272,0.853,57,295,352,450,174,66,25,48,153,243,1300,-41,2496.4,9,1,2438.0,2,45,461,222,17,59,64,179,51,48,205,47,53,111,165,73,89,20,30,82,175,488,483,42,56,378,46,64,16,47,191.45566666666664
1630591,Jalen Suggs,Jalen,1610612753,ORL,23.0,75,43,32,0.573,2024.59,336,714,0.471,153,385,0.397,118,156,0.756,48,181,229,205,132,106,47,26,205,183,943,45,1852.3,0,0,1836.0,76,79,425,221,101,117,115,221,52,63,98,117,115,296,195,183,191,108,61,10,68,376,551,73,104,150,112,257,38,106,179.4656666666667
1626164,Devin Booker,Devin,1610612756,PHX,27.0,68,43,25,0.632,2446.6566666666668,642,1305,0.492,152,418,0.364,405,457,0.886,56,252,308,472,178,61,28,48,206,352,1841,316,3007.6,13,0,2951.0,148,79,311,118,35,16,17,163,53,49,213,10,13,61,166,97,116,17,26,103,160,488,553,16,13,33,20,51,38,19,190.12133333333335
1628398,Kyle Kuzma,Kyle,1610612764,WAS,28.0,70,13,57,0.186,2281.141666666667,608,1313,0.463,151,450,0.336,186,240,0.775,62,402,464,296,192,37,49,52,153,192,1553,-562,2619.8,14,0,2636.0,128,377,566,521,57,23,16,242,54,37,299,64,60,265,140,37,48,65,18,227,61,508,483,67,27,571,38,47,38,31,200.44533333333334
201569,Eric Gordon,Eric,1610612756,PHX,35.0,68,41,27,0.603,1892.63,274,618,0.443,150,397,0.378,51,64,0.797,16,106,122,139,73,66,30,40,79,63,749,131,1318.9,0,0,1352.0,148,97,344,167,125,156,141,315,55,58,160,239,243,224,374,284,312,158,168,82,148,453,308,240,155,94,186,257,38,177,182.45933333333335
1626179,Terry Rozier,Terry,1610612748,MIA,30.0,61,22,39,0.361,2040.3816666666667,442,998,0.443,149,410,0.363,172,198,0.869,35,212,247,342,106,63,21,58,101,175,1205,-292,2160.4,4,0,2111.0,206,276,497,417,96,65,53,319,56,51,218,74,85,78,256,144,173,46,100,94,202,522,363,77,64,544,80,120,38,78,186.45433333333335
2544,LeBron James,LeBron,1610612747,LAL,39.0,71,41,30,0.577,2503.6833333333334,685,1269,0.54,149,363,0.41,303,404,0.75,61,457,518,589,245,89,38,59,78,308,1822,218,3463.1,27,5,3332.0,118,97,395,215,30,10,22,86,56,74,68,22,21,307,146,22,34,6,6,20,108,524,307,26,14,56,8,21,6,12,170.8033333333333
203084,Harrison Barnes,Harrison,1610612758,SAC,32.0,82,46,36,0.561,2380.87,347,732,0.474,149,385,0.387,157,196,0.801,67,182,249,99,58,54,12,27,98,164,1000,-80,1587.3,0,0,1629.0,2,52,469,248,46,110,109,209,56,63,132,86,86,210,127,180,171,223,212,126,286,382,353,87,96,435,146,257,38,132,178.129
1627777,Georges Niang,Georges,1610612739,CLE,31.0,82,48,34,0.585,1831.125,284,632,0.449,149,396,0.376,51,60,0.85,22,256,278,98,72,30,18,16,192,55,768,31,1320.6,0,0,1389.0,2,36,446,199,134,149,135,296,56,59,162,239,252,114,323,95,138,225,172,263,228,292,538,261,149,163,185,257,38,167,181.792
1628370,Malik Monk,Malik,1610612758,SAC,26.0,72,42,30,0.583,1872.3066666666666,396,893,0.443,148,423,0.35,170,205,0.829,28,184,212,370,150,45,39,55,156,167,1110,10,2021.4,2,0,2008.0,108,88,395,201,130,80,69,314,60,45,261,75,77,152,292,179,206,37,51,173,104,513,490,83,78,215,93,157,38,85,190.45000000000002
201572,Brook Lopez,Brook,1610612749,MIL,36.0,79,48,31,0.608,2411.1516666666666,366,755,0.485,148,404,0.366,110,134,0.821,117,292,409,127,79,43,189,22,191,120,990,278,2288.3,5,0,2138.0,30,36,406,160,41,96,103,184,60,57,206,126,137,174,52,76,67,174,154,183,3,351,536,133,98,41,64,104,38,75,184.12199999999999
1630198,Isaiah Joe,Isaiah,1610612760,OKC,24.0,78,54,24,0.692,1444.8666666666666,222,485,0.458,147,353,0.416,45,52,0.865,32,148,180,99,47,46,22,15,87,91,636,352,1157.5,0,0,1198.0,43,18,282,64,195,190,181,265,62,80,51,254,276,86,269,218,246,223,251,168,193,281,324,181,177,26,204,257,38,193,166.80533333333332
1630202,Payton Pritchard,Payton,1610612738,BOS,26.0,82,64,18,0.78,1825.7333333333333,297,635,0.468,147,382,0.385,46,56,0.821,70,195,265,281,61,39,6,27,106,62,787,449,1600.5,3,0,1570.0,2,1,215,23,136,142,133,226,62,66,139,252,260,172,121,168,150,71,205,218,370,382,372,242,143,10,143,135,38,143,176.46166666666667
1641718,Keyonte George,Keyonte,1610612762,UTA,20.0,75,27,48,0.36,2022.5766666666666,319,815,0.391,147,440,0.334,189,223,0.848,15,196,211,332,188,36,7,51,91,203,974,-374,1666.2,1,0,1750.0,76,231,539,418,102,130,90,465,62,42,301,62,65,119,380,165,208,51,21,230,343,499,336,60,100,561,129,190,38,115,195.778
1627750,Jamal Murray,Jamal,1610612743,DEN,27.0,59,44,15,0.746,1861.37,474,986,0.481,145,341,0.425,157,184,0.853,42,200,242,384,125,57,39,51,104,162,1250,311,2279.4,11,0,2213.0,225,72,168,37,132,55,55,194,65,84,39,86,93,109,219,161,177,31,72,115,104,499,370,91,62,35,66,57,38,64,162.14166666666668
1627759,Jaylen Brown,Jaylen,1610612738,BOS,27.0,70,52,18,0.743,2342.5216666666665,627,1256,0.499,145,410,0.354,211,300,0.703,84,303,387,249,166,83,37,72,185,241,1610,413,2641.9,6,1,2631.0,128,25,215,38,50,20,23,152,65,51,250,52,43,382,90,68,75,88,32,27,117,546,531,45,22,17,37,93,16,32,185.11800000000002
1630560,Cam Thomas,Cam,1610612751,BKN,22.0,66,23,43,0.348,2074.85,526,1190,0.442,144,396,0.364,286,334,0.856,28,186,214,192,124,45,16,78,138,272,1482,-201,2085.8,0,0,2154.0,170,270,525,425,88,37,28,323,67,59,213,29,31,102,292,176,204,121,73,173,248,558,447,35,32,524,83,257,38,71,180.12133333333335
1630241,Sam Merrill,Sam,1610612739,CLE,28.0,61,36,25,0.59,1068.9183333333333,158,393,0.402,143,354,0.404,26,28,0.929,22,98,120,108,19,19,4,13,72,50,485,28,841.0,0,0,902.0,206,146,311,187,248,240,215,440,68,79,78,323,353,32,323,302,316,208,361,325,410,263,284,272,227,168,266,257,38,248,165.80133333333333
1627752,Taurean Prince,Taurean,1610612747,LAL,30.0,78,44,34,0.564,2107.6216666666664,253,572,0.442,141,356,0.396,50,68,0.735,21,209,230,119,73,58,35,28,146,68,697,-118,1357.5,0,0,1373.0,43,72,446,237,81,165,155,322,69,77,103,243,233,344,331,149,190,184,168,114,128,393,468,233,162,474,175,257,38,172,165.79866666666666
202695,Kawhi Leonard,Kawhi,1610612746,LAC,33.0,68,44,24,0.647,2330.04,610,1162,0.525,140,336,0.417,253,286,0.885,84,332,416,244,119,111,59,30,97,287,1613,392,2869.2,4,1,2753.0,148,72,282,103,53,22,32,109,70,86,48,38,48,62,90,54,60,92,79,6,48,408,351,31,21,21,27,120,16,25,158.80566666666667
1630174,Aaron Nesmith,Aaron,1610612754,IND,24.0,72,41,31,0.569,1994.655,315,635,0.496,140,334,0.419,107,137,0.781,63,212,275,108,64,65,49,51,241,145,877,161,1647.0,1,0,1628.0,108,97,406,227,105,132,133,158,70,91,44,131,132,256,138,144,142,208,198,87,61,499,568,103,117,79,133,190,38,133,158.13966666666667
201950,Jrue Holiday,Jrue,1610612738,BOS,34.0,69,53,16,0.768,2263.278333333333,331,689,0.48,138,322,0.429,60,72,0.833,84,289,373,333,124,61,53,28,108,84,860,427,2025.1,7,0,1932.0,138,22,184,30,58,121,119,195,72,103,34,213,227,135,90,77,82,49,73,103,55,393,379,194,126,12,91,84,38,92,153.47633333333332
1631095,Jabari Smith Jr.,Jabari,1610612745,HOU,21.0,76,39,37,0.513,2423.845,378,833,0.454,138,380,0.363,150,185,0.811,139,477,616,121,89,52,61,56,200,138,1044,-84,2214.7,16,0,2145.0,61,117,475,296,37,91,85,278,72,67,219,90,91,195,37,18,21,180,137,135,40,517,547,111,88,439,77,43,38,73,172.7876666666667
203471,Dennis Schröder,Dennis,1610612751,BKN,30.0,80,30,50,0.375,2485.945,403,927,0.435,138,368,0.375,178,213,0.836,39,203,242,488,153,63,17,66,164,185,1122,-126,2231.4,8,0,2150.0,23,201,544,407,32,75,65,355,72,70,168,68,71,132,234,157,177,12,48,94,240,537,502,72,77,476,74,73,38,72,168.79166666666666
1629661,Cameron Johnson,Cameron,1610612751,BKN,28.0,58,21,37,0.362,1599.0383333333334,276,619,0.446,138,353,0.391,86,109,0.789,55,196,251,138,57,49,15,34,105,93,776,-77,1419.2,1,0,1431.0,232,289,475,416,173,152,140,308,72,80,120,165,167,240,172,165,168,160,214,154,258,431,371,176,146,432,169,190,38,160,163.797
1630217,Desmond Bane,Desmond,1610612763,MEM,26.0,42,14,28,0.333,1442.8483333333334,360,776,0.464,137,360,0.381,140,161,0.87,36,149,185,230,112,43,22,61,120,125,997,-201,1647.0,3,0,1679.0,341,361,361,432,196,100,97,237,76,75,152,101,110,77,249,217,239,98,88,183,193,526,410,125,97,524,133,135,38,122,165.79366666666667
1626157,Karl-Anthony Towns,Karl-Anthony,1610612750,MIN,28.0,62,42,20,0.677,2025.565,479,951,0.504,136,327,0.416,255,292,0.873,94,421,515,189,177,43,41,67,204,262,1349,321,2325.5,22,0,2357.0,200,88,237,73,100,52,61,136,77,99,52,36,45,74,73,31,35,124,27,183,98,539,549,38,49,31,59,28,38,52,154.472
1627936,Alex Caruso,Alex,1610612741,CHI,30.0,71,34,37,0.479,2040.3433333333332,253,541,0.468,136,333,0.408,73,96,0.76,62,211,273,247,102,120,70,25,181,138,715,4,1881.1,1,0,1751.0,118,165,475,335,97,165,166,227,77,95,71,186,188,287,140,146,143,90,106,3,30,372,527,111,159,236,109,190,38,114,156.46933333333334
1631323,Simone Fontecchio,Simone,1610612765,DET,28.0,66,29,37,0.439,1643.8933333333334,252,548,0.46,134,334,0.401,54,66,0.818,64,182,246,101,68,44,23,35,110,61,692,-27,1271.7,0,0,1307.0,170,213,475,366,168,167,165,256,79,91,85,227,237,178,135,180,174,219,178,179,188,434,386,244,163,343,193,257,38,181,156.13366666666667
202711,Bojan Bogdanović,Bojan,1610612752,NYK,35.0,57,20,37,0.351,1478.0033333333333,309,681,0.454,133,334,0.398,117,149,0.785,22,130,152,97,101,30,5,45,95,116,868,-346,1199.9,1,0,1320.0,241,297,475,422,191,133,121,279,80,91,97,119,121,248,323,251,267,228,109,263,387,477,348,139,121,554,200,190,38,179,155.79933333333335
1628415,Dillon Brooks,Dillon,1610612745,HOU,28.0,72,36,36,0.5,2226.7383333333332,329,768,0.428,133,370,0.359,124,147,0.844,53,193,246,119,88,64,10,31,241,119,915,-21,1522.7,1,0,1561.0,108,146,469,300,63,123,99,382,80,68,229,111,124,123,176,170,174,184,139,90,308,413,568,135,112,327,160,190,38,147,167.78633333333332
1629636,Darius Garland,Darius,1610612739,CLE,24.0,57,31,26,0.544,1900.4383333333333,375,841,0.446,132,356,0.371,146,175,0.834,30,122,152,373,176,74,7,48,95,163,1028,112,1836.9,6,0,1847.0,241,193,332,274,123,93,81,307,82,77,191,93,98,134,280,260,267,36,28,50,343,488,348,90,90,106,117,93,38,103,162.79033333333334
1629639,Tyler Herro,Tyler,1610612748,MIA,24.0,42,23,19,0.548,1407.105,324,735,0.441,132,333,0.396,95,111,0.856,19,203,222,188,93,30,3,43,63,90,875,31,1429.4,2,0,1483.0,341,270,226,266,200,126,107,326,82,95,102,150,165,104,345,157,197,125,123,263,428,473,259,185,118,163,168,157,38,154,155.132
1629023,P.J. Washington,P.J.,1610612742,DAL,25.0,73,30,43,0.411,2220.6783333333333,354,811,0.436,132,413,0.32,99,145,0.683,85,326,411,141,96,72,59,42,169,120,939,-133,1940.7,4,0,1885.0,99,201,525,377,66,104,91,345,82,50,347,143,127,409,85,57,64,156,120,58,48,467,510,133,106,481,102,120,38,99,181.77333333333334
1629638,Nickeil Alexander-Walker,Nickeil,1610612750,MIN,25.0,82,56,26,0.683,1920.9183333333333,236,538,0.439,131,335,0.391,52,65,0.8,35,132,167,204,76,64,42,29,143,84,655,312,1403.4,0,0,1369.0,2,10,332,69,119,178,168,340,85,89,119,232,241,212,256,248,256,111,162,90,90,401,458,194,170,34,171,257,38,173,155.46366666666668
1631096,Chet Holmgren,Chet,1610612760,OKC,22.0,82,57,25,0.695,2412.7966666666666,505,953,0.53,129,349,0.37,218,275,0.793,129,519,648,200,131,53,190,65,197,250,1357,423,3032.6,23,0,2820.0,2,4,311,60,40,43,60,102,86,83,197,50,50,232,44,15,17,115,64,129,2,536,545,41,44,13,19,25,38,24,159.45666666666668
1629012,Collin Sexton,Collin,1610612762,UTA,25.0,78,29,49,0.372,2074.7633333333333,506,1038,0.487,128,325,0.394,318,370,0.859,71,134,205,383,165,62,18,113,154,295,1458,-143,2353.5,4,0,2334.0,43,213,543,411,89,42,47,175,87,100,112,20,26,94,118,246,220,32,34,100,228,570,488,27,34,491,57,120,38,55,151.13133333333334
1641705,Victor Wembanyama,Victor,1610612759,SAS,20.0,71,19,52,0.268,2106.235,551,1186,0.465,128,394,0.325,292,367,0.796,161,594,755,274,260,88,254,27,153,381,1522,-143,3605.0,43,2,3363.0,118,307,551,469,82,30,29,235,87,62,336,25,27,225,25,7,10,76,3,21,1,382,483,9,28,491,7,10,10,10,174.10833333333335
1629640,Keldon Johnson,Keldon,1610612759,SAS,24.0,69,17,52,0.246,2038.3616666666667,391,862,0.454,127,367,0.346,175,221,0.792,95,282,377,195,100,51,20,56,149,166,1084,-347,1941.9,9,0,1925.0,138,331,551,489,98,84,73,281,89,72,276,71,66,233,71,81,79,117,113,139,209,517,475,84,83,555,101,64,38,94,164.782
1629684,Grant Williams,Grant,1610612766,CHA,25.0,76,34,42,0.447,2129.56,276,605,0.456,126,336,0.375,106,140,0.757,86,232,318,174,109,44,39,28,226,171,784,-244,1566.6,2,0,1568.0,61,165,515,358,76,152,145,268,90,86,168,133,130,295,83,121,108,133,96,179,104,393,561,78,145,532,151,157,38,145,154.125
203484,Kentavious Caldwell-Pope,Kentavious,1610612743,DEN,31.0,76,54,22,0.711,2401.7566666666667,270,587,0.46,125,308,0.406,101,113,0.894,31,152,183,183,75,98,42,14,151,98,766,572,1605.1,0,0,1537.0,61,18,262,47,42,159,150,255,91,106,75,139,161,56,273,216,243,127,164,16,90,272,480,163,150,5,142,257,38,149,144.46866666666668
1631093,Jaden Ivey,Jaden,1610612765,DET,22.0,77,14,63,0.182,2217.4766666666665,417,973,0.429,124,369,0.336,227,303,0.749,86,178,264,296,190,57,41,88,204,227,1185,-350,2049.8,2,0,2065.0,54,361,570,523,67,71,59,378,92,69,297,48,40,327,83,188,151,65,20,115,98,563,549,51,69,556,86,157,38,81,164.44533333333334
202692,Alec Burks,Alec,1610612752,NYK,32.0,66,18,48,0.273,1211.545,210,569,0.369,124,330,0.376,145,167,0.868,24,126,150,88,48,28,12,21,75,127,689,-256,1073.0,0,0,1131.0,170,316,539,465,227,201,156,497,92,98,165,94,106,80,315,255,269,244,247,274,286,343,294,122,165,538,220,257,38,205,151.45866666666666
203915,Spencer Dinwiddie,Spencer,1610612747,LAL,31.0,76,38,38,0.5,2152.4083333333333,251,640,0.392,124,368,0.337,169,210,0.805,30,175,205,356,91,51,22,18,138,145,795,67,1703.0,4,0,1626.0,61,124,488,300,74,168,132,463,92,70,295,77,74,206,280,192,220,41,130,139,193,318,447,103,140,132,126,120,38,135,164.11233333333334
1628989,Kevin Huerter,Kevin,1610612758,SAC,25.0,64,37,27,0.578,1562.2266666666667,248,560,0.443,123,341,0.361,36,47,0.766,38,186,224,166,53,45,23,15,135,45,655,75,1323.8,2,0,1304.0,185,139,344,214,178,170,160,320,95,84,223,284,289,278,239,176,194,136,229,173,188,281,439,291,170,127,182,157,38,182,154.787
1630595,Cade Cunningham,Cade,1610612765,DET,22.0,62,9,53,0.145,2074.225,524,1167,0.449,119,335,0.355,238,274,0.869,33,235,268,464,212,56,22,92,153,194,1405,-350,2444.6,14,0,2412.0,200,412,555,541,90,38,31,297,96,89,246,44,51,79,264,115,149,19,11,119,193,568,483,64,37,556,50,47,38,49,151.45166666666668
1630245,Ayo Dosunmu,Ayo,1610612741,CHI,24.0,76,37,39,0.487,2212.4683333333332,360,719,0.501,119,295,0.403,85,105,0.81,54,162,216,242,103,68,36,59,166,83,924,-158,1755.2,1,0,1709.0,61,139,497,329,68,100,112,138,96,111,79,167,173,196,173,203,202,93,104,74,122,524,504,199,109,504,119,190,38,121,138.13433333333333
1631094,Paolo Banchero,Paolo,1610612753,ORL,21.0,80,46,34,0.575,2798.701666666667,640,1407,0.455,119,351,0.339,405,559,0.725,82,472,554,431,247,71,47,87,153,380,1804,1,3222.3,16,2,3144.0,23,52,446,218,5,17,12,271,96,82,287,10,5,355,94,19,30,23,5,62,68,562,483,10,16,249,14,43,10,15,156.77966666666666
1629631,De'Andre Hunter,De'Andre,1610612737,ATL,26.0,57,26,31,0.456,1681.0933333333332,304,663,0.459,117,304,0.385,166,196,0.847,31,191,222,87,83,40,16,29,146,193,891,-49,1372.9,3,0,1429.0,241,241,406,353,165,136,126,264,99,107,138,80,86,121,273,171,197,245,149,210,248,401,468,66,114,393,173,135,38,162,140.46166666666667
1628991,Jaren Jackson Jr.,Jaren,1610612763,MEM,24.0,66,22,44,0.333,2124.18,516,1161,0.444,117,366,0.32,337,417,0.808,85,280,365,154,160,80,106,121,235,378,1486,-340,2553.0,5,0,2494.0,170,276,528,432,77,41,33,310,99,73,346,18,18,198,85,83,86,149,41,32,11,571,566,11,31,552,42,104,38,42,161.10666666666665
1627827,Dorian Finney-Smith,Dorian,1610612751,BKN,31.0,68,28,40,0.412,1934.5933333333332,215,511,0.421,117,336,0.348,33,46,0.717,109,208,317,107,59,56,38,18,150,46,580,-107,1343.9,0,0,1309.0,148,221,501,375,116,196,172,401,99,86,267,297,294,366,60,150,110,211,209,119,108,318,479,287,190,465,176,257,38,180,151.116
1626167,Myles Turner,Myles,1610612754,IND,28.0,77,45,32,0.584,2076.4366666666665,476,909,0.524,116,324,0.358,245,317,0.773,113,420,533,100,109,39,144,42,232,263,1313,220,2542.6,17,0,2428.0,54,66,425,200,87,53,67,111,102,102,237,42,35,267,54,32,33,222,96,218,9,467,565,37,55,55,43,41,38,48,146.786
1630529,Herbert Jones,Herbert,1610612740,NOP,25.0,76,46,30,0.605,2321.4283333333333,293,588,0.498,114,273,0.418,137,158,0.867,74,198,272,199,93,105,62,42,224,139,837,231,1869.9,0,0,1756.0,61,52,395,161,54,146,149,154,103,118,47,102,112,82,103,163,145,116,123,11,38,467,560,109,134,53,111,257,38,112,129.13933333333333
1630180,Saddiq Bey,Saddiq,1610612737,ATL,25.0,63,28,35,0.444,2061.6583333333333,290,697,0.416,113,358,0.316,170,203,0.837,167,244,411,92,54,51,11,49,88,139,863,-19,1626.2,8,0,1603.0,191,221,461,359,92,147,117,412,104,76,351,75,81,129,23,108,64,237,225,139,298,495,327,109,124,322,137,73,38,138,157.10533333333333
203924,Jerami Grant,Jerami,1610612757,POR,30.0,54,17,37,0.315,1830.1866666666667,383,850,0.451,111,276,0.402,255,312,0.817,37,154,191,152,116,45,34,64,117,212,1132,-351,1710.2,1,0,1744.0,271,331,475,448,135,90,77,289,105,116,83,36,38,182,241,214,232,150,84,173,132,531,400,56,75,558,124,190,38,116,129.134
204001,Kristaps Porziņģis,Kristaps,1610612738,BOS,28.0,57,43,14,0.754,1689.9483333333333,388,752,0.516,110,293,0.375,259,302,0.858,97,312,409,115,89,42,111,18,156,280,1145,417,2178.3,13,0,2085.0,241,79,162,33,162,85,104,117,106,112,167,34,41,97,69,64,67,194,137,194,10,318,490,32,73,16,78,51,38,79,134.45833333333334
1641722,Jordan Hawkins,Jordan,1610612740,NOP,22.0,67,38,29,0.567,1160.58,174,456,0.382,109,298,0.366,67,80,0.838,29,119,148,70,40,19,7,17,72,43,524,12,844.6,0,0,903.0,166,124,381,233,236,226,194,478,107,109,209,199,215,128,287,268,274,278,275,325,343,308,284,296,211,209,265,257,38,246,135.78866666666667
1630540,Miles McBride,Miles,1610612752,NYK,23.0,68,42,26,0.618,1327.74,205,454,0.452,109,266,0.41,43,50,0.86,31,69,100,114,30,50,7,21,108,57,562,-16,994.0,0,0,999.0,148,88,332,142,209,206,195,288,107,125,69,263,282,93,273,340,337,197,312,148,343,343,379,255,195,314,235,257,38,223,125.13666666666667
201143,Al Horford,Al,1610612738,BOS,38.0,65,51,14,0.785,1739.7966666666666,214,419,0.511,108,258,0.419,26,30,0.867,82,331,413,168,48,38,62,11,93,29,562,421,1561.6,3,0,1451.0,181,26,162,22,153,197,208,124,109,126,46,323,348,83,94,55,63,135,247,223,38,239,343,341,195,15,152,135,38,157,122.13966666666666
1627747,Caris LeVert,Caris,1610612739,CLE,29.0,68,38,30,0.559,1958.0833333333333,345,820,0.421,108,332,0.325,154,201,0.766,39,241,280,346,117,76,34,48,121,153,952,120,2020.0,6,0,1906.0,148,124,395,253,111,111,87,402,109,97,335,88,82,277,234,111,135,44,82,42,132,488,411,98,103,102,94,93,38,96,146.775
1628379,Luke Kennard,Luke,1610612763,MEM,28.0,39,15,24,0.385,999.0466666666666,141,315,0.448,107,238,0.45,40,45,0.889,11,102,113,136,54,20,2,11,39,30,429,-187,780.6,0,0,829.0,355,347,282,400,267,260,255,298,111,148,24,274,299,57,404,295,321,163,225,317,451,239,189,339,238,515,279,257,38,264,115.14999999999999
1630583,Santi Aldama,Santi,1610612763,MEM,23.0,61,23,38,0.377,1618.0566666666666,247,568,0.435,106,304,0.349,54,87,0.621,72,280,352,138,69,43,54,26,89,88,654,-275,1505.4,5,0,1444.0,206,270,488,406,172,172,157,354,112,107,266,227,204,460,114,83,89,160,175,183,54,376,331,187,172,540,164,104,38,159,136.783
1626145,Tyus Jones,Tyus,1610612764,WAS,28.0,66,11,55,0.167,1932.6666666666667,326,666,0.489,106,256,0.414,32,40,0.8,20,159,179,485,66,71,18,23,48,49,790,-497,1933.3,9,1,1738.0,170,392,560,530,117,124,125,169,112,129,57,303,316,212,337,207,250,13,183,62,228,358,215,277,142,568,104,64,16,118,120.80466666666666
1629022,Lonnie Walker IV,Lonnie,1610612751,BKN,25.0,58,23,35,0.397,1011.14,208,492,0.423,104,271,0.384,45,59,0.763,13,114,127,74,51,32,20,23,71,46,565,5,933.4,0,0,974.0,232,270,461,395,263,202,180,396,114,119,144,254,253,282,395,273,303,272,235,256,209,358,281,287,193,231,248,257,38,228,125.128
1626166,Cameron Payne,Cameron,1610612755,PHI,29.0,78,46,32,0.59,1304.0766666666666,208,481,0.432,104,267,0.39,58,67,0.866,21,96,117,205,66,42,11,24,126,61,578,-11,1118.9,1,0,1110.0,43,52,425,189,213,202,183,365,114,123,123,217,236,85,331,304,319,108,183,194,298,367,421,244,192,292,210,190,38,208,123.79666666666667
1631114,Jalen Williams,Jalen,1610612760,OKC,23.0,71,51,20,0.718,2223.5983333333334,536,993,0.54,103,241,0.427,180,221,0.814,37,245,282,322,123,80,45,51,175,183,1355,383,2428.4,3,0,2312.0,118,26,237,45,64,33,54,87,116,143,38,66,66,187,241,106,133,56,75,32,79,499,519,73,47,24,51,135,38,57,114.80900000000001
1641713,GG Jackson,GG,1610612763,MEM,19.0,48,14,34,0.292,1233.165,241,563,0.428,102,286,0.357,115,153,0.752,53,143,196,59,65,28,24,40,64,101,699,-194,1113.7,2,0,1160.0,306,361,446,457,223,173,159,385,117,113,242,121,118,305,176,228,223,305,192,274,183,453,260,158,161,519,214,157,38,201,129.45233333333334
1628384,OG Anunoby,OG,1610612752,NYK,26.0,50,31,19,0.62,1702.035,282,577,0.489,102,267,0.382,67,89,0.753,47,161,208,107,81,68,36,41,119,76,733,390,1374.1,0,0,1358.0,291,193,226,139,157,150,154,172,117,123,148,199,202,304,198,204,215,211,152,74,122,459,408,217,156,22,172,257,38,174,123.12733333333334
202704,Reggie Jackson,Reggie,1610612743,DEN,34.0,82,57,25,0.695,1816.82,326,756,0.431,102,284,0.359,79,98,0.806,33,122,155,308,106,44,12,33,149,97,833,79,1543.0,2,0,1510.0,2,4,311,60,140,124,102,369,117,114,232,171,184,202,264,260,264,58,100,179,286,421,475,167,136,125,158,157,38,152,128.78633333333332
1630167,Obi Toppin,Obi,1610612754,IND,26.0,82,47,35,0.573,1730.6016666666667,332,579,0.573,102,253,0.403,77,100,0.77,85,235,320,128,69,47,43,30,143,88,843,141,1620.0,1,0,1573.0,2,45,461,222,155,118,153,60,117,132,81,174,180,273,85,115,106,171,175,162,88,408,458,187,130,91,140,190,38,141,118.46766666666667
1626162,Kelly Oubre Jr.,Kelly,1610612755,PHI,28.0,68,40,28,0.588,2055.32,387,878,0.441,101,325,0.311,174,232,0.75,94,247,341,101,87,77,47,89,194,180,1049,-25,1894.7,4,0,1840.0,148,110,361,191,93,87,72,327,121,100,357,72,61,307,73,101,94,219,141,38,68,564,542,75,87,340,108,120,38,104,142.10366666666667
203078,Bradley Beal,Bradley,1610612756,PHX,31.0,53,33,20,0.623,1766.7333333333333,377,735,0.513,101,235,0.43,109,134,0.813,54,178,232,265,131,52,27,37,127,102,964,107,1745.9,3,0,1720.0,278,173,237,135,147,92,107,121,121,150,32,128,137,190,173,188,189,80,64,135,170,439,424,156,102,111,120,135,38,120,112.14333333333333
1630577,Julian Champagnie,Julian,1610612759,SAS,23.0,74,19,55,0.257,1467.875,164,402,0.408,101,277,0.365,75,92,0.815,42,164,206,103,57,48,42,20,77,63,504,-141,1118.7,0,0,1094.0,87,307,560,471,192,234,213,429,121,115,211,180,198,185,219,201,219,217,214,157,90,335,303,240,221,490,211,257,38,210,126.12166666666667
1630567,Scottie Barnes,Scottie,1610612761,TOR,22.0,60,22,38,0.367,2094.2483333333334,447,942,0.475,101,296,0.341,196,251,0.781,141,353,494,363,165,75,88,48,118,215,1191,-144,2652.3,25,4,2475.0,215,276,488,414,85,62,63,207,121,110,284,58,58,257,36,47,40,39,34,47,14,488,405,55,67,494,35,22,7,43,132.447
1626171,Bobby Portis,Bobby,1610612749,MIL,29.0,82,49,33,0.598,2008.1666666666667,466,918,0.508,100,246,0.407,98,124,0.79,142,465,607,104,91,68,34,33,189,104,1130,-5,2229.4,17,0,2145.0,2,29,437,177,104,57,66,130,125,136,74,145,147,236,34,20,23,215,130,74,132,421,534,152,76,271,75,41,38,73,115.469
1629060,Rui Hachimura,Rui,1610612747,LAL,26.0,68,40,28,0.588,1825.4933333333333,363,676,0.537,98,232,0.422,99,134,0.739,58,236,294,81,46,41,25,43,101,92,923,123,1549.3,4,0,1528.0,148,110,361,191,137,98,123,91,126,155,43,143,137,340,163,113,122,260,256,207,175,473,363,180,110,101,155,120,38,150,110.14066666666668
1641717,Cason Wallace,Cason,1610612760,OKC,20.0,82,57,25,0.695,1691.9216666666666,217,442,0.491,98,234,0.419,29,37,0.784,52,135,187,120,45,76,37,23,129,38,561,127,1259.4,0,0,1192.0,2,4,311,60,160,195,199,165,126,152,45,311,320,250,185,245,237,181,260,42,117,358,431,313,197,95,195,257,38,194,110.80633333333333
200768,Kyle Lowry,Kyle,1610612755,PHI,38.0,60,32,28,0.533,1689.7666666666667,163,377,0.432,98,250,0.392,63,75,0.84,34,160,194,253,85,59,21,17,146,103,487,2,1254.3,3,0,1192.0,215,183,361,280,163,236,224,366,126,133,116,207,223,124,262,206,226,87,146,108,202,308,468,153,225,245,196,135,38,194,116.13066666666667
1628983,Shai Gilgeous-Alexander,Shai,1610612760,OKC,25.0,75,55,20,0.733,2552.6866666666665,796,1487,0.535,95,269,0.353,567,649,0.874,65,350,415,465,162,150,67,77,184,480,2254,613,3938.5,8,0,3663.0,76,14,237,41,28,4,5,96,129,120,252,1,2,73,132,49,62,18,38,1,35,556,529,2,2,3,6,73,38,5,121.45100000000001
203114,Khris Middleton,Khris,1610612749,MIL,32.0,55,31,24,0.564,1487.27,317,643,0.493,94,247,0.381,100,120,0.833,40,217,257,292,127,51,15,26,141,110,828,125,1645.4,5,1,1603.0,258,193,282,239,190,131,131,161,130,135,151,141,151,135,231,138,159,67,67,139,258,376,452,146,138,97,135,104,16,138,113.79366666666665
203926,Doug McDermott,Doug,1610612754,IND,32.0,64,22,42,0.344,904.4783333333334,123,284,0.433,94,229,0.41,11,19,0.579,10,49,59,70,28,16,2,6,64,15,351,-143,552.8,0,0,610.0,185,276,515,428,282,275,269,361,130,160,67,409,388,477,416,383,390,278,321,341,451,184,260,399,270,491,322,257,38,298,107.80333333333334
1630532,Franz Wagner,Franz,1610612753,ORL,22.0,72,44,28,0.611,2337.4166666666665,528,1096,0.482,94,334,0.281,271,319,0.85,72,309,381,269,137,76,28,77,168,277,1421,204,2456.7,0,0,2373.0,108,72,361,158,51,35,37,192,130,91,408,32,33,117,114,65,76,78,58,42,160,556,508,34,36,63,48,257,38,50,142.76033333333334
1631103,Malaki Branham,Malaki,1610612759,SAS,21.0,75,18,57,0.24,1594.3266666666666,271,628,0.432,93,268,0.347,55,63,0.873,28,120,148,156,91,27,8,41,94,62,690,-373,1115.6,0,0,1157.0,76,316,566,493,174,157,136,367,133,121,273,226,247,75,292,265,274,147,130,281,331,459,346,242,164,560,212,257,38,202,120.449
1630175,Cole Anthony,Cole,1610612753,ORL,24.0,81,47,34,0.58,1817.3116666666667,332,763,0.435,93,275,0.338,180,218,0.826,64,247,311,236,126,64,37,32,175,162,937,110,1841.2,3,0,1779.0,18,45,446,207,139,118,101,352,133,117,288,66,69,161,135,101,114,94,68,90,117,416,519,91,108,107,116,135,38,110,122.77933333333334
202696,Nikola Vučević,Nikola,1610612741,CHI,33.0,76,36,40,0.474,2609.5016666666666,586,1211,0.484,92,313,0.294,106,129,0.822,210,591,801,254,120,50,60,48,190,144,1370,-180,2922.2,45,0,2737.0,61,146,501,340,20,24,25,185,135,104,392,133,145,171,10,8,8,85,78,148,45,488,535,105,41,512,25,7,38,26,135.09799999999998
203952,Andrew Wiggins,Andrew,1610612744,GSW,29.0,71,38,33,0.535,1920.4483333333333,353,780,0.453,91,254,0.358,142,189,0.751,108,213,321,119,87,42,41,45,147,160,939,-58,1664.7,3,0,1636.0,118,124,437,279,120,105,96,284,136,131,235,99,90,306,62,140,105,184,141,194,98,477,471,93,106,405,130,135,38,129,115.11933333333333
202699,Tobias Harris,Tobias,1610612755,PHI,31.0,70,41,29,0.586,2367.78,463,951,0.487,91,258,0.353,187,213,0.878,80,373,453,217,93,70,46,76,115,165,1204,224,2328.1,9,0,2197.0,128,97,381,197,47,58,61,177,136,126,255,63,71,68,98,41,49,103,123,66,77,554,395,85,65,54,58,64,38,66,116.45100000000001
203903,Jordan Clarkson,Jordan,1610612762,UTA,32.0,55,22,33,0.4,1682.3416666666667,337,816,0.413,91,309,0.294,177,201,0.881,49,139,188,277,146,35,6,51,81,140,942,-191,1560.1,6,1,1580.0,258,276,437,385,164,115,89,421,136,105,389,69,82,66,193,237,235,74,53,239,370,499,314,106,105,518,153,93,16,140,133.43133333333333
1631204,Marcus Sasser,Marcus,1610612765,DET,23.0,71,11,60,0.155,1351.11,219,512,0.428,90,240,0.375,58,66,0.879,11,114,125,236,90,44,12,24,103,73,586,-250,1168.0,1,0,1149.0,118,392,568,539,207,193,171,386,139,145,168,217,237,67,404,273,306,94,134,179,286,367,369,227,187,536,203,190,38,203,110.125
1641764,Brandin Podziemski,Brandin,1610612744,GSW,21.0,74,41,33,0.554,1968.2533333333333,271,597,0.454,90,234,0.385,50,79,0.633,118,309,427,273,88,61,14,35,122,123,682,264,1740.9,7,0,1622.0,87,97,437,262,109,157,147,277,139,152,140,243,217,455,49,65,54,77,139,103,267,434,416,127,166,46,121,84,38,136,108.12833333333333
1629628,RJ Barrett,RJ,1610612761,TOR,24.0,58,26,32,0.448,1838.1333333333334,436,880,0.495,90,250,0.36,208,291,0.715,53,262,315,193,126,31,22,90,129,208,1170,-153,1870.5,2,0,1874.0,232,241,425,357,133,66,71,160,139,133,224,54,46,368,176,92,111,120,68,259,193,565,431,58,71,501,110,157,38,100,113.45333333333333
1630166,Deni Avdija,Deni,1610612764,WAS,23.0,75,14,61,0.187,2256.6433333333334,406,803,0.506,88,235,0.374,202,273,0.74,84,456,540,286,160,59,36,76,185,251,1102,-329,2304.0,18,0,2206.0,76,361,569,519,59,72,92,133,142,150,176,56,52,339,90,23,31,69,41,108,122,554,531,40,80,549,62,38,38,65,107.79133333333334
1641711,Gradey Dick,Gradey,1610612761,TOR,20.0,60,18,42,0.3,1267.6683333333333,189,445,0.425,88,241,0.365,44,51,0.863,27,105,132,68,50,34,2,26,87,48,510,-378,828.4,0,0,870.0,215,316,515,452,219,212,198,389,142,143,210,258,281,90,302,288,295,283,237,246,451,376,324,280,217,562,267,257,38,252,109.78833333333334
1641871,Duop Reath,Duop,1610612757,POR,28.0,68,17,51,0.25,1214.115,230,499,0.461,88,245,0.359,69,93,0.742,93,157,250,67,52,33,38,35,161,94,617,-188,1178.5,1,0,1164.0,148,331,548,474,226,186,175,251,142,138,231,196,193,336,77,211,169,285,232,250,108,434,498,175,179,516,201,190,38,200,111.11966666666666
1630703,Scoot Henderson,Scoot,1610612757,POR,20.0,62,18,44,0.29,1765.3933333333334,307,797,0.385,87,268,0.325,167,204,0.819,53,141,194,336,212,48,13,50,195,208,868,-495,1575.8,8,0,1607.0,200,316,528,458,148,134,93,474,145,121,337,78,79,177,176,234,226,48,11,157,277,497,544,58,121,567,149,73,38,137,118.44166666666666
1628381,John Collins,John,1610612762,UTA,26.0,68,27,41,0.397,1901.06,397,746,0.532,86,232,0.371,147,185,0.795,157,418,575,77,98,40,61,73,191,164,1027,-307,2037.5,24,0,1967.0,148,231,507,393,122,79,106,101,146,155,193,92,91,226,28,33,26,267,116,210,40,547,536,87,91,545,89,24,38,89,106.12366666666667
1626224,Cedi Osman,Cedi,1610612759,SAS,29.0,72,17,55,0.236,1268.7516666666668,184,384,0.479,86,221,0.389,35,52,0.673,25,155,180,119,47,36,11,18,107,71,489,-353,977.5,0,0,968.0,108,331,560,497,218,219,217,200,146,164,124,287,276,421,308,212,246,184,251,230,298,318,375,228,224,559,239,257,38,230,102.46300000000001
1627742,Brandon Ingram,Brandon,1610612740,NOP,26.0,64,38,26,0.594,2102.68,500,1017,0.492,86,242,0.355,246,307,0.801,43,281,324,363,163,50,40,47,145,242,1332,175,2372.3,3,1,2285.0,185,124,332,181,84,45,49,164,146,142,244,41,39,209,214,82,103,39,37,148,102,484,465,44,51,74,56,135,16,60,109.45166666666667
1630183,Jaden McDaniels,Jaden,1610612750,MIN,23.0,72,48,24,0.667,2105.4533333333334,307,628,0.489,86,255,0.337,57,79,0.722,56,168,224,101,87,63,42,28,219,93,757,156,1405.3,0,0,1378.0,108,36,282,76,83,134,136,171,146,130,292,221,217,360,166,196,194,219,141,94,90,393,559,176,153,82,170,257,38,171,113.779
1629726,Garrison Mathews,Garrison,1610612737,ATL,27.0,66,29,37,0.439,992.1216666666667,103,226,0.456,85,193,0.44,34,42,0.81,17,75,92,37,19,20,8,5,115,68,325,-97,555.9,0,0,595.0,170,213,475,366,268,297,301,269,150,186,26,291,306,196,366,333,346,349,361,317,331,166,395,233,278,458,320,257,38,303,92.81333333333333
1627783,Pascal Siakam,Pascal,1610612754,IND,30.0,80,38,42,0.475,2657.8883333333333,681,1271,0.536,85,246,0.346,290,396,0.732,139,426,565,342,141,63,25,47,193,324,1737,113,3051.0,15,1,2905.0,23,124,515,339,15,11,21,95,150,136,279,28,22,347,37,30,27,46,55,94,175,484,540,24,19,105,18,45,16,21,110.44866666666667
1630171,Isaac Okoro,Isaac,1610612739,CLE,23.0,69,41,28,0.594,1887.0566666666666,235,480,0.49,84,215,0.391,93,137,0.679,67,140,207,132,54,57,34,37,140,118,647,40,1312.4,0,0,1252.0,138,97,361,180,127,179,184,168,152,168,121,153,132,413,127,236,217,166,225,115,132,439,450,136,174,155,189,257,38,187,99.79700000000001
201567,Kevin Love,Kevin,1610612748,MIA,35.0,55,31,24,0.564,924.2633333333333,158,359,0.44,84,244,0.344,85,108,0.787,59,279,338,115,48,18,10,9,97,98,485,109,1099.1,6,0,1078.0,258,193,282,239,278,240,238,329,152,139,281,167,170,244,159,85,98,194,247,331,308,223,351,163,227,109,215,93,38,211,109.448
1628988,Aaron Holiday,Aaron,1610612745,HOU,27.0,78,39,39,0.5,1269.2966666666666,186,417,0.446,84,217,0.387,58,63,0.921,23,100,123,140,53,42,6,20,125,65,514,85,962.6,0,0,957.0,43,117,497,300,217,216,209,305,152,167,129,217,247,37,318,299,310,157,229,194,370,335,419,238,216,123,243,257,38,233,100.46233333333333
1626168,Trey Lyles,Trey,1610612758,SAC,28.0,58,33,25,0.569,1158.2183333333332,143,321,0.445,84,219,0.384,49,70,0.7,61,196,257,72,38,17,19,15,86,68,419,179,905.4,1,0,904.0,232,173,311,229,237,257,252,309,152,166,145,246,232,388,146,165,159,276,283,334,219,281,323,233,247,71,252,190,38,243,101.128
203999,Nikola Jokić,Nikola,1610612743,DEN,29.0,79,55,24,0.696,2736.5333333333333,822,1411,0.583,83,231,0.359,358,438,0.817,223,753,976,708,237,108,68,68,194,426,2085,682,4609.2,68,25,4204.0,30,14,282,57,9,2,11,54,156,158,230,15,15,181,9,2,3,2,9,8,32,541,542,6,5,1,1,2,2,2,104.78633333333333
1627763,Malcolm Brogdon,Malcolm,1610612757,POR,31.0,39,15,24,0.385,1120.8166666666666,218,496,0.44,82,199,0.412,95,116,0.819,28,120,148,214,60,27,8,29,58,93,613,-81,1156.6,4,0,1127.0,355,347,282,400,241,194,177,332,157,182,62,150,157,175,292,265,274,105,207,281,331,401,252,176,180,437,206,120,38,206,93.80399999999999
1626192,Pat Connaughton,Pat,1610612749,MIL,31.0,76,45,31,0.592,1676.28,151,347,0.435,82,238,0.345,44,58,0.759,51,188,239,161,49,40,19,10,99,60,428,-14,1084.3,0,0,1028.0,61,66,406,184,166,249,242,351,157,148,280,258,257,292,188,173,180,142,243,210,219,229,357,246,240,309,217,257,38,216,106.78166666666668
1627884,Derrick Jones Jr.,Derrick,1610612742,DAL,27.0,76,47,29,0.618,1782.8566666666666,239,495,0.483,82,239,0.343,97,136,0.713,82,168,250,75,65,53,51,24,121,123,657,55,1316.5,2,0,1272.0,61,45,381,141,144,175,178,189,157,147,283,147,136,374,94,196,169,270,192,129,58,367,411,127,169,140,187,157,38,184,107.11433333333333
1630581,Josh Giddey,Josh,1610612760,OKC,21.0,80,56,24,0.7,2011.5583333333334,402,847,0.475,82,243,0.337,100,124,0.806,111,403,514,386,168,52,44,70,111,97,986,376,2301.8,10,3,2160.0,23,10,282,52,103,76,79,206,157,141,291,141,147,201,58,36,36,30,31,135,83,545,389,167,99,25,63,59,8,70,108.44566666666667
1629656,Quentin Grimes,Quentin,1610612765,DET,24.0,51,32,19,0.627,1024.9433333333334,122,328,0.372,81,240,0.338,34,45,0.756,15,85,100,66,28,35,7,15,75,34,359,-39,676.0,0,0,690.0,284,183,226,125,260,278,248,489,161,145,290,291,299,297,380,316,337,288,321,239,343,281,294,325,264,373,299,257,38,289,107.11266666666667
1628997,Caleb Martin,Caleb,1610612748,MIA,28.0,64,36,28,0.563,1756.5533333333333,241,559,0.431,81,232,0.349,77,99,0.778,74,207,281,143,77,47,29,40,126,108,640,66,1342.7,2,0,1297.0,185,146,361,243,151,173,161,370,161,155,263,174,181,259,103,153,134,155,158,162,155,453,421,147,175,133,177,157,38,183,104.44966666666666
1630702,Jaden Hardy,Jaden,1610612742,DAL,21.0,73,44,29,0.603,989.2133333333334,195,479,0.407,81,224,0.362,59,76,0.776,20,111,131,109,62,22,4,28,80,79,530,-126,866.7,0,0,903.0,99,72,381,169,269,210,189,430,161,163,221,214,222,264,337,278,296,206,203,306,410,393,312,205,208,476,259,257,38,246,101.78733333333334
1628404,Josh Hart,Josh,1610612752,NYK,29.0,81,49,32,0.605,2706.7716666666665,295,679,0.434,80,258,0.31,91,115,0.791,128,547,675,331,118,75,23,55,171,121,761,346,2243.5,21,6,2043.0,18,29,425,163,11,144,122,356,164,126,358,159,159,234,46,12,16,53,80,47,188,513,514,132,152,28,71,30,5,83,112.77
1631097,Bennedict Mathurin,Bennedict,1610612754,IND,22.0,59,33,26,0.559,1538.39,296,663,0.446,80,214,0.374,184,224,0.821,60,174,234,119,97,35,14,74,117,165,856,-92,1365.3,3,0,1387.0,225,173,332,252,179,143,126,302,164,169,179,65,64,172,153,193,186,184,118,239,267,549,400,85,128,451,174,135,38,168,98.12466666666667
1629680,Matisse Thybulle,Matisse,1610612757,POR,27.0,65,18,47,0.277,1487.3833333333334,126,317,0.397,80,231,0.346,22,29,0.759,30,106,136,90,40,113,49,12,93,41,354,-232,1098.2,0,0,984.0,181,316,534,462,189,272,253,450,164,158,275,344,350,292,280,284,292,241,275,4,61,248,343,302,267,531,216,257,38,226,103.782
1629731,Dean Wade,Dean,1610612739,CLE,27.0,54,36,18,0.667,1108.08,96,232,0.414,79,202,0.391,20,26,0.769,37,181,218,43,20,40,25,3,93,37,291,177,792.1,0,0,761.0,271,146,215,76,242,311,293,418,167,177,118,355,359,274,241,183,199,342,355,210,175,121,343,317,293,72,276,257,38,275,93.79700000000001
1631246,Vince Williams Jr.,Vince,1610612763,MEM,23.0,52,18,34,0.346,1436.53,169,379,0.446,79,209,0.378,104,130,0.8,59,231,290,175,92,47,34,22,135,133,521,-91,1282.5,3,0,1227.0,282,316,446,427,197,229,220,306,167,173,159,136,144,212,159,123,123,131,128,162,132,351,439,118,212,449,191,135,38,189,96.12599999999999
1641715,Cam Whitmore,Cam,1610612745,HOU,19.0,47,19,28,0.404,880.3333333333334,212,467,0.454,79,220,0.359,76,112,0.679,44,136,180,33,46,30,17,33,64,74,579,-28,939.5,1,0,965.0,312,307,361,384,286,199,191,276,167,165,233,178,162,414,211,242,246,366,256,263,240,421,260,225,191,347,245,190,38,232,99.78633333333333
101108,Chris Paul,Chris,1610612744,GSW,39.0,58,33,25,0.569,1530.89,206,467,0.441,78,210,0.371,43,52,0.827,18,207,225,393,76,70,6,12,108,58,533,110,1544.5,5,0,1381.0,232,173,311,229,181,205,191,324,170,172,188,263,276,155,353,153,192,28,162,66,370,248,379,251,204,107,157,104,38,170,96.12366666666667
1630631,Jose Alvarado,Jose,1610612740,NOP,26.0,56,38,18,0.679,1028.37,142,345,0.412,78,207,0.377,35,52,0.673,25,103,128,117,40,59,15,22,89,46,397,240,908.1,0,0,868.0,252,124,215,72,259,258,244,423,170,174,161,287,276,421,308,291,300,193,275,108,258,351,331,287,250,50,251,257,38,253,95.12566666666667
1628975,Jevon Carter,Jevon,1610612741,CHI,28.0,72,35,37,0.486,1003.6016666666667,138,365,0.378,77,234,0.329,4,7,0.571,11,49,60,94,36,37,16,6,71,13,357,27,693.0,1,0,694.0,108,155,475,330,266,265,234,485,172,152,331,459,455,479,404,383,388,232,287,227,248,184,281,415,265,174,296,190,38,287,103.77633333333334
1629001,De'Anthony Melton,De'Anthony,1610612755,PHI,26.0,38,25,13,0.658,1023.3316666666667,139,360,0.386,77,214,0.36,66,79,0.835,28,113,141,114,39,60,16,22,84,58,421,218,950.2,0,0,905.0,361,247,152,89,261,262,237,473,172,169,228,201,217,133,292,276,285,197,279,107,248,351,319,251,245,56,244,257,38,242,97.12
1629312,Haywood Highsmith,Haywood,1610612748,MIA,27.0,66,39,27,0.591,1365.835,153,329,0.465,76,192,0.396,23,36,0.639,65,145,210,70,34,53,30,14,117,42,405,7,977.0,0,0,927.0,170,117,344,186,204,247,247,233,174,188,105,338,323,451,132,222,212,278,292,129,148,272,400,299,249,222,240,257,38,241,89.46533333333333
203914,Gary Harris,Gary,1610612753,ORL,29.0,54,35,19,0.648,1297.3466666666666,131,297,0.441,76,205,0.371,34,45,0.756,24,67,91,87,31,49,14,8,91,36,372,91,769.7,0,0,752.0,271,155,226,102,214,269,263,325,174,175,192,291,299,297,315,344,348,245,306,154,267,211,336,321,260,120,281,257,38,276,93.79033333333332
203944,Julius Randle,Julius,1610612752,NYK,29.0,46,29,17,0.63,1630.095,395,836,0.472,76,244,0.311,236,302,0.781,99,324,423,229,159,25,12,64,125,219,1102,218,1905.1,18,1,1904.0,315,213,199,121,170,82,84,211,174,139,355,45,41,255,68,58,55,99,43,293,286,531,419,53,80,56,107,38,16,97,106.77033333333333
202722,Davis Bertans,Davis,1610612766,CHA,31.0,43,20,23,0.465,674.0716666666667,92,234,0.393,76,200,0.38,30,33,0.909,9,52,61,35,18,26,12,8,56,26,290,-74,511.7,0,0,538.0,330,297,272,350,323,314,289,461,174,179,154,308,337,43,424,376,386,359,373,287,286,211,244,354,294,427,334,257,38,314,92.12666666666667
201942,DeMar DeRozan,DeMar,1610612741,CHI,34.0,79,37,42,0.468,2988.568333333333,650,1355,0.48,75,225,0.333,522,612,0.853,43,297,340,421,135,90,45,75,161,439,1897,-62,3206.5,7,0,3003.0,30,139,515,346,1,14,14,198,178,162,302,2,3,111,214,70,96,24,59,19,79,550,498,5,11,411,16,84,38,17,100.111
203967,Dario Šarić,Dario,1610612744,GSW,30.0,64,35,29,0.547,1097.7516666666668,181,388,0.466,74,197,0.376,79,93,0.849,73,210,283,144,78,31,10,25,112,95,515,-21,1115.6,2,0,1098.0,185,155,381,269,245,222,216,228,179,184,166,171,193,118,110,147,132,154,157,259,308,372,390,171,215,327,212,157,38,209,90.45866666666666
201587,Nicolas Batum,Nicolas,1610612755,PHI,35.0,60,36,24,0.6,1529.5866666666666,116,256,0.453,73,185,0.395,15,21,0.714,70,178,248,128,40,48,38,2,109,26,320,177,1027.6,0,0,941.0,215,146,282,170,182,283,278,282,180,193,110,382,381,369,121,188,172,171,275,157,108,82,383,354,281,72,232,257,38,238,86.13166666666666
1630541,Moses Moody,Moses,1610612744,GSW,22.0,66,38,28,0.576,1155.885,194,420,0.462,72,200,0.36,73,93,0.785,65,131,196,57,44,42,24,30,90,80,533,99,1007.7,0,0,990.0,170,124,361,217,238,211,207,245,181,179,224,186,193,249,132,250,223,309,264,194,183,408,335,203,204,114,234,257,38,225,90.78666666666668
1630182,Josh Green,Josh,1610612742,DAL,23.0,57,32,25,0.561,1504.72,179,374,0.479,72,187,0.385,39,57,0.684,40,144,184,130,60,47,9,30,107,76,469,-100,992.8,0,0,967.0,241,183,311,246,185,223,228,201,181,192,137,276,259,404,231,226,241,168,207,162,319,408,375,217,231,460,236,257,38,231,86.46166666666666
1631216,Caleb Houstan,Caleb,1610612753,ORL,21.0,59,31,28,0.525,815.335,80,206,0.388,72,193,0.373,21,26,0.808,28,56,84,29,16,15,4,1,61,19,253,-30,438.3,0,0,476.0,225,193,361,292,300,334,312,471,181,186,182,350,359,199,292,362,356,376,380,348,410,49,257,382,311,354,353,257,38,334,88.45766666666667
1629611,Terance Mann,Terance,1610612746,LAC,27.0,75,47,28,0.627,1872.8916666666667,254,493,0.515,71,204,0.348,79,95,0.832,87,167,254,119,48,43,15,29,145,79,658,52,1267.3,2,0,1218.0,76,45,361,126,129,164,179,118,184,176,268,171,191,148,82,198,163,184,247,183,258,401,465,205,168,142,194,157,38,190,91.78266666666667
1630552,Jalen Johnson,Jalen,1610612737,ATL,22.0,56,27,29,0.482,1888.8666666666666,359,702,0.511,71,200,0.355,107,147,0.728,74,414,488,203,101,67,47,51,133,124,896,-76,2027.1,19,1,1886.0,252,231,381,333,126,103,116,123,184,179,247,131,124,352,103,34,41,112,109,80,68,499,435,126,113,431,90,34,16,98,90.45166666666667
1629599,Amir Coffey,Amir,1610612746,LAC,27.0,70,46,24,0.657,1460.5966666666666,166,352,0.472,70,184,0.38,61,71,0.859,29,119,148,76,33,41,14,20,102,59,463,-92,886.6,1,0,867.0,128,52,282,92,194,232,240,215,186,195,153,210,228,95,287,268,274,269,299,207,267,335,368,248,233,451,257,190,38,254,84.79333333333334
1630163,LaMelo Ball,LaMelo,1610612766,CHA,22.0,22,7,15,0.318,711.35,183,423,0.433,70,197,0.355,90,104,0.865,29,84,113,176,83,40,4,14,79,90,526,-139,974.6,7,1,973.0,427,440,168,447,317,221,206,363,186,184,245,160,174,86,287,318,321,129,149,210,410,272,308,185,210,488,241,84,16,229,89.11833333333334
1631165,Keon Ellis,Keon,1610612758,SAC,24.0,57,33,24,0.579,978.485,107,232,0.461,70,168,0.417,26,35,0.743,32,92,124,85,37,51,29,6,112,48,310,93,789.3,0,0,749.0,241,173,282,210,273,295,293,250,186,208,48,323,331,334,269,306,309,252,284,139,155,184,390,280,286,118,277,257,38,277,79.47233333333334
1631110,Jeremy Sochan,Jeremy,1610612759,SAS,21.0,74,18,56,0.243,2193.095,340,776,0.438,70,227,0.308,111,144,0.771,137,339,476,249,140,62,40,67,168,131,861,-344,1971.7,7,0,1860.0,87,316,563,491,71,113,97,342,186,161,361,124,128,270,40,51,45,88,56,100,102,539,508,120,125,553,99,84,38,101,99.10266666666666
204060,Joe Ingles,Joe,1610612753,ORL,36.0,68,42,26,0.618,1169.0316666666668,99,227,0.436,70,161,0.435,28,34,0.824,18,124,142,203,67,43,5,5,88,32,296,165,847.9,0,0,807.0,148,88,332,142,233,304,300,347,186,215,29,317,334,165,353,258,283,112,181,183,387,166,327,334,291,77,264,257,38,267,77.145
1631260,AJ Green,AJ,1610612749,MIL,24.0,56,35,21,0.625,614.2816666666666,83,196,0.423,69,169,0.408,17,19,0.895,9,55,64,30,12,9,4,3,49,20,252,50,400.8,0,0,441.0,252,155,253,128,333,327,320,393,191,205,72,372,388,54,424,366,381,373,409,398,410,121,223,375,313,145,369,257,38,343,79.46933333333332
1630191,Isaiah Stewart,Isaiah,1610612765,DET,23.0,46,9,37,0.196,1422.8166666666666,186,382,0.487,67,175,0.383,64,85,0.753,74,231,305,73,66,17,38,17,99,82,503,-133,1077.5,5,0,1058.0,315,412,475,514,198,216,218,176,192,201,147,205,207,303,103,123,119,274,183,334,108,308,357,200,222,481,219,104,38,213,80.79433333333334
1626196,Josh Richardson,Josh,1610612748,MIA,30.0,43,24,19,0.558,1102.83,154,347,0.444,66,190,0.347,51,54,0.944,18,103,121,105,36,24,14,9,76,52,425,-107,805.7,0,0,793.0,330,257,226,256,243,245,242,312,193,190,272,239,268,29,353,291,314,214,287,298,267,223,299,267,242,465,273,257,38,268,85.449
1631107,Nikola Jović,Nikola,1610612748,MIA,21.0,46,24,22,0.522,896.2366666666667,127,281,0.452,65,163,0.399,33,47,0.702,25,167,192,90,42,25,14,8,82,52,352,149,792.4,0,0,777.0,315,257,262,294,284,271,271,287,194,214,94,297,289,385,308,198,231,241,272,293,267,211,318,267,269,86,275,257,38,272,76.133
1631170,Jaime Jaquez Jr.,Jaime,1610612748,MIA,23.0,75,44,31,0.587,2113.195,341,697,0.489,65,202,0.322,142,175,0.811,82,203,285,195,110,77,20,63,167,135,889,108,1704.5,1,0,1628.0,76,72,406,195,80,112,117,170,194,177,341,99,98,194,94,157,129,117,94,38,209,528,507,117,115,110,125,190,38,133,89.10733333333333
1641731,Bilal Coulibaly,Bilal,1610612764,WAS,19.0,63,11,52,0.175,1715.25,188,432,0.435,64,185,0.346,92,131,0.702,56,200,256,110,87,57,48,43,137,101,532,-419,1232.2,1,0,1172.0,191,392,551,529,156,213,204,350,196,193,277,156,143,384,166,161,162,201,141,115,64,473,442,158,206,564,197,190,38,198,83.11533333333334
1630200,Tre Jones,Tre,1610612759,SAS,24.0,77,21,56,0.273,2138.18,303,600,0.505,64,191,0.335,101,118,0.856,58,231,289,478,116,78,9,30,92,130,771,-22,1979.8,5,1,1776.0,54,289,563,465,75,139,146,134,196,189,300,139,156,103,163,123,126,15,84,36,319,408,340,121,148,330,98,104,16,111,85.11166666666666
1628976,Wendell Carter Jr.,Wendell,1610612753,ORL,25.0,55,30,25,0.545,1406.3033333333333,223,425,0.525,64,171,0.374,93,134,0.694,112,269,381,95,68,35,28,23,121,140,603,51,1323.7,9,0,1269.0,258,201,311,270,201,188,205,110,196,203,178,153,137,394,55,90,76,231,178,239,160,358,411,106,182,143,183,64,38,185,78.458
1641733,Nick Smith Jr.,Nick,1610612766,CHA,20.0,51,9,42,0.176,728.71,113,289,0.391,63,146,0.432,13,15,0.867,18,54,72,59,39,10,7,12,55,14,302,-194,488.9,0,0,530.0,284,412,515,528,313,288,267,467,199,228,31,393,407,83,353,368,371,305,279,386,343,248,242,406,289,519,339,257,38,319,69.81066666666666
1631128,Christian Braun,Christian,1610612743,DEN,23.0,82,57,25,0.695,1655.565,222,483,0.46,63,164,0.384,93,134,0.694,79,227,306,132,55,42,35,46,137,86,600,-13,1341.2,2,0,1255.0,2,4,311,60,167,190,182,259,199,211,143,153,137,394,99,131,118,166,222,194,128,482,442,191,184,301,178,157,38,186,75.79466666666666
